<?xml version="1.0" encoding="UTF-8"?>
<project-private xmlns="http://www.netbeans.org/ns/project-private/1">
    <editor-bookmarks xmlns="http://www.netbeans.org/ns/editor-bookmarks/2" lastBookmarkId="0"/>
    <open-files xmlns="http://www.netbeans.org/ns/projectui-open-files/2">
        <group>
            <file>file:/C:/Users/luzma/Desktop/IFMS/Matérias/Lab%204%20(Marcos)/Trabalho/SistemaPereira/src/view/JDlgClientes.java</file>
            <file>file:/C:/Users/luzma/Desktop/IFMS/Matérias/Lab%204%20(Marcos)/Trabalho/SistemaPereira/src/view/JDlgFabricantes.java</file>
            <file>file:/C:/Users/luzma/Desktop/IFMS/Matérias/Lab%204%20(Marcos)/Trabalho/SistemaPereira/src/view/JFrmPrincipal.java</file>
        </group>
    </open-files>
</project-private>
